recipe_name,meal_type,dietary_category,ingredients,equipment_needed,nutritional_information,instructions,allergens,prep_time_minutes
Avocado Toast,Dinner,Paleo,"egg, salmon, mushroom, quinoa, carrot","Microwave, Blender","684 kcal, Protein: 23.4g, Carbs: 73.9g, Fats: 22.1g",1. Sauté ingredients on Blender. 2. Add seasoning and cook thoroughly. 3. Serve warm and enjoy.,"Soy, Dairy",30
Smoothie Bowl,Lunch,Keto,"rice, egg, tofu, tomato, salmon","Instant Pot, Oven","336 kcal, Protein: 19.0g, Carbs: 14.8g, Fats: 29.0g",1. Wash and prep all ingredients. 2. Heat Oven and start cooking. 3. Combine everything and serve hot.,"Eggs",39
Greek Salad,Breakfast,Gluten-Free,"bell pepper, egg, cheese, tofu, chicken","Air Fryer, Instant Pot","288 kcal, Protein: 35.5g, Carbs: 52.4g, Fats: 7.3g",1. Wash and prep all ingredients. 2. Heat Instant Pot and start cooking. 3. Combine everything and serve hot.,Shellfish,48
Chicken Stir-Fry,Dinner,Gluten-Free,"avocado, carrot, egg, onion, cucumber","Instant Pot, Stove","259 kcal, Protein: 26.0g, Carbs: 35.4g, Fats: 25.2g",1. Sauté ingredients on Stove. 2. Add seasoning and cook thoroughly. 3. Serve warm and enjoy.,"Soy, Shellfish",33
Pancakes,Dinner,Vegan,"tomato, carrot, onion, avocado, garlic","Stove, Grill","538 kcal, Protein: 34.5g, Carbs: 10.5g, Fats: 16.1g",1. Blend all ingredients using Stove. 2. Chill for 10 minutes. 3. Enjoy a refreshing meal.,Dairy,43
Lentil Soup,Breakfast,Gluten-Free,"rice, broccoli, bell pepper, milk, cheese","Grill, Air Fryer","519 kcal, Protein: 32.5g, Carbs: 29.3g, Fats: 27.5g",1. Boil water and add cheese. 2. Stir occasionally using Air Fryer. 3. Drain and plate beautifully.,"Gluten, Eggs",57
Mushroom Risotto,Dinner,Gluten-Free,"egg, beans, quinoa, bell pepper, avocado","Blender, Stove","476 kcal, Protein: 29.3g, Carbs: 30.4g, Fats: 29.1g",1. Blend all ingredients using Stove. 2. Chill for 10 minutes. 3. Enjoy a refreshing meal.,Soy,20
Mushroom Risotto,Lunch,Gluten-Free,"chicken, spinach, tofu, kale, tomato","Grill, Blender","535 kcal, Protein: 22.8g, Carbs: 52.0g, Fats: 28.7g",1. Sauté ingredients on Grill. 2. Add seasoning and cook thoroughly. 3. Serve warm and enjoy.,None,42
Falafel Wrap,Lunch,Gluten-Free,"chicken, mushroom, bell pepper, beans, onion","Blender, Microwave","622 kcal, Protein: 24.6g, Carbs: 48.2g, Fats: 34.8g",1. Sauté ingredients on Blender. 2. Add seasoning and cook thoroughly. 3. Serve warm and enjoy.,"Dairy, Soy",10
Chicken Stir-Fry,Breakfast,Paleo,"cheese, quinoa, egg, broccoli, kale","Oven, Microwave","510 kcal, Protein: 18.4g, Carbs: 35.6g, Fats: 16.5g",1. Sauté ingredients on Oven. 2. Add seasoning and cook thoroughly. 3. Serve warm and enjoy.,"Dairy, Shellfish",30
Falafel Wrap,Breakfast,Vegan,"garlic, kale, spinach, cucumber, quinoa","Grill, Instant Pot","210 kcal, Protein: 19.0g, Carbs: 31.6g, Fats: 8.1g",1. Mix all ingredients in a bowl. 2. Use Instant Pot to cook or blend. 3. Serve with your favorite topping.,Nuts,36
Greek Salad,Lunch,Gluten-Free,"chicken, kale, tomato, tofu, mushroom","Stove, Microwave","516 kcal, Protein: 15.2g, Carbs: 49.6g, Fats: 27.1g",1. Sauté ingredients on Stove. 2. Add seasoning and cook thoroughly. 3. Serve warm and enjoy.,Soy,60
Lentil Soup,Lunch,Paleo,"salmon, rice, chicken, tomato, milk","Grill, Air Fryer","212 kcal, Protein: 39.4g, Carbs: 63.5g, Fats: 9.8g",1. Wash and prep all ingredients. 2. Heat Air Fryer and start cooking. 3. Combine everything and serve hot.,"Soy, Nuts",45
Avocado Toast,Snack,Vegan,"bell pepper, salmon, carrot, tofu, avocado","Oven, Grill","696 kcal, Protein: 18.7g, Carbs: 19.9g, Fats: 30.3g",1. Wash and prep all ingredients. 2. Heat Grill and start cooking. 3. Combine everything and serve hot.,"Dairy, Soy",35
Tofu Curry,Lunch,Paleo,"garlic, beans, tofu, mushroom, spinach","Blender, Air Fryer","283 kcal, Protein: 30.0g, Carbs: 13.4g, Fats: 12.1g",1. Wash and prep all ingredients. 2. Heat Air Fryer and start cooking. 3. Combine everything and serve hot.,Shellfish,27
Turkey Sandwich,Lunch,Paleo,"cucumber, milk, spinach, chicken, carrot","Blender, Grill","293 kcal, Protein: 32.2g, Carbs: 61.1g, Fats: 2.1g",1. Boil water and add spinach. 2. Stir occasionally using Grill. 3. Drain and plate beautifully.,Shellfish,47
Oatmeal with Berries,Breakfast,Keto,"milk, avocado, egg, beans, chicken","Oven, Air Fryer","277 kcal, Protein: 20.2g, Carbs: 37.7g, Fats: 6.6g",1. Sauté ingredients on Oven. 2. Add seasoning and cook thoroughly. 3. Serve warm and enjoy.,Shellfish,59
Oatmeal with Berries,Dinner,Gluten-Free,"garlic, rice, cheese, mushroom, tofu","Air Fryer, Instant Pot","464 kcal, Protein: 16.1g, Carbs: 72.7g, Fats: 15.2g",1. Preheat the Air Fryer. 2. Add rice and cook until done. 3. Let it cool slightly before serving.,None,45
Beef Tacos,Snack,Gluten-Free,"beans, egg, garlic, rice, onion","Blender, Stove","404 kcal, Protein: 35.5g, Carbs: 51.1g, Fats: 31.2g",1. Mix all ingredients in a bowl. 2. Use Blender to cook or blend. 3. Serve with your favorite topping.,Dairy,58
Tofu Curry,Lunch,Vegan,"chicken, rice, broccoli, garlic, salmon","Blender, Instant Pot","244 kcal, Protein: 11.0g, Carbs: 20.2g, Fats: 11.9g",1. Blend all ingredients using Instant Pot. 2. Chill for 10 minutes. 3. Enjoy a refreshing meal.,"Nuts, Eggs",50
Turkey Sandwich,Lunch,Vegetarian,"spinach, chicken, beans, milk, cheese","Blender, Air Fryer","524 kcal, Protein: 30.1g, Carbs: 42.0g, Fats: 34.7g",1. Chop vegetables and prepare beans. 2. Cook using Blender. 3. Garnish before serving.,"Gluten, Shellfish",43
Falafel Wrap,Lunch,Gluten-Free,"avocado, carrot, egg, spinach, chicken","Microwave, Blender","393 kcal, Protein: 31.2g, Carbs: 77.9g, Fats: 16.7g",1. Chop vegetables and prepare egg. 2. Cook using Microwave. 3. Garnish before serving.,"Soy, Dairy",12
Spaghetti Carbonara,Dinner,Vegetarian,"mushroom, cheese, spinach, rice, milk","Instant Pot, Blender","412 kcal, Protein: 31.2g, Carbs: 19.7g, Fats: 31.2g",1. Sauté ingredients on Blender. 2. Add seasoning and cook thoroughly. 3. Serve warm and enjoy.,None,24
Turkey Sandwich,Lunch,Keto,"milk, cucumber, tofu, carrot, tomato","Stove, Microwave","390 kcal, Protein: 28.3g, Carbs: 38.0g, Fats: 2.7g",1. Blend all ingredients using Stove. 2. Chill for 10 minutes. 3. Enjoy a refreshing meal.,Soy,32
Pancakes,Lunch,Vegetarian,"tofu, cheese, avocado, beans, quinoa","Grill, Instant Pot","603 kcal, Protein: 18.9g, Carbs: 65.8g, Fats: 33.5g",1. Blend all ingredients using Grill. 2. Chill for 10 minutes. 3. Enjoy a refreshing meal.,None,48
Avocado Toast,Snack,Vegan,"kale, beans, cheese, salmon, egg","Air Fryer, Blender","306 kcal, Protein: 7.8g, Carbs: 75.5g, Fats: 2.8g",1. Chop vegetables and prepare egg. 2. Cook using Air Fryer. 3. Garnish before serving.,Soy,13
Vegan Quinoa Bowl,Breakfast,Gluten-Free,"quinoa, cucumber, mushroom, chicken, milk","Microwave, Grill","412 kcal, Protein: 11.0g, Carbs: 39.4g, Fats: 28.1g",1. Boil water and add cucumber. 2. Stir occasionally using Microwave. 3. Drain and plate beautifully.,"Gluten, Nuts",56
Avocado Toast,Breakfast,Keto,"avocado, tofu, cheese, carrot, rice","Stove, Grill","571 kcal, Protein: 26.5g, Carbs: 33.3g, Fats: 30.9g",1. Sauté ingredients on Grill. 2. Add seasoning and cook thoroughly. 3. Serve warm and enjoy.,Eggs,57
Chili Con Carne,Lunch,Keto,"egg, beans, kale, broccoli, rice","Air Fryer, Grill","176 kcal, Protein: 35.3g, Carbs: 62.1g, Fats: 16.8g",1. Chop vegetables and prepare kale. 2. Cook using Grill. 3. Garnish before serving.,"Soy, Dairy",42
Vegan Quinoa Bowl,Snack,Vegan,"salmon, cheese, cucumber, spinach, onion","Blender, Oven","475 kcal, Protein: 16.3g, Carbs: 50.0g, Fats: 13.6g",1. Sauté ingredients on Blender. 2. Add seasoning and cook thoroughly. 3. Serve warm and enjoy.,Nuts,55
Turkey Sandwich,Snack,Gluten-Free,"chicken, carrot, onion, spinach, mushroom","Oven, Stove","356 kcal, Protein: 10.3g, Carbs: 75.3g, Fats: 33.2g",1. Preheat the Oven. 2. Add chicken and cook until done. 3. Let it cool slightly before serving.,Gluten,33
Falafel Wrap,Dinner,Vegetarian,"avocado, onion, broccoli, beans, chicken","Grill, Microwave","533 kcal, Protein: 33.9g, Carbs: 44.7g, Fats: 15.1g",1. Chop vegetables and prepare onion. 2. Cook using Microwave. 3. Garnish before serving.,"Gluten",16
Vegetable Stir-Fry,Lunch,Keto,"carrot, kale, cheese, avocado, bell pepper","Grill, Air Fryer","322 kcal, Protein: 14.8g, Carbs: 74.8g, Fats: 19.8g",1. Mix all ingredients in a bowl. 2. Use Grill to cook or blend. 3. Serve with your favorite topping.,"Dairy, Shellfish",49
Chili Con Carne,Lunch,Vegetarian,"onion, garlic, cucumber, chicken, carrot","Stove, Blender","503 kcal, Protein: 30.4g, Carbs: 43.6g, Fats: 23.3g",1. Boil water and add onion. 2. Stir occasionally using Blender. 3. Drain and plate beautifully.,Shellfish,34
Spaghetti Carbonara,Snack,Gluten-Free,"egg, broccoli, tofu, milk, salmon","Blender, Instant Pot","674 kcal, Protein: 14.3g, Carbs: 55.6g, Fats: 20.4g",1. Wash and prep all ingredients. 2. Heat Instant Pot and start cooking. 3. Combine everything and serve hot.,Dairy,30
Beef Tacos,Snack,Gluten-Free,"cheese, bell pepper, salmon, chicken, spinach","Blender, Instant Pot","381 kcal, Protein: 38.0g, Carbs: 69.5g, Fats: 9.9g",1. Blend all ingredients using Blender. 2. Chill for 10 minutes. 3. Enjoy a refreshing meal.,Shellfish,19
Grilled Salmon,Breakfast,Paleo,"broccoli, salmon, carrot, milk, egg","Oven, Instant Pot","222 kcal, Protein: 31.9g, Carbs: 22.9g, Fats: 11.0g",1. Chop vegetables and prepare carrot. 2. Cook using Instant Pot. 3. Garnish before serving.,"Dairy",32
Spaghetti Carbonara,Lunch,Keto,"kale, garlic, cucumber, quinoa, onion","Blender, Stove","403 kcal, Protein: 14.4g, Carbs: 31.2g, Fats: 31.1g",1. Preheat the Stove. 2. Add cucumber and cook until done. 3. Let it cool slightly before serving.,"Gluten",40
Oatmeal with Berries,Dinner,Vegan,"garlic, kale, beans, egg, mushroom","Grill, Air Fryer","452 kcal, Protein: 12.8g, Carbs: 19.5g, Fats: 11.3g",1. Boil water and add garlic. 2. Stir occasionally using Air Fryer. 3. Drain and plate beautifully.,"Dairy, Soy",17
Mushroom Risotto,Snack,Keto,"bell pepper, milk, cucumber, spinach, cheese","Grill, Blender","158 kcal, Protein: 28.9g, Carbs: 46.9g, Fats: 24.3g",1. Boil water and add bell pepper. 2. Stir occasionally using Blender. 3. Drain and plate beautifully.,Dairy,15
Falafel Wrap,Lunch,Vegetarian,"cheese, beans, milk, rice, cucumber","Air Fryer, Grill","419 kcal, Protein: 25.1g, Carbs: 65.3g, Fats: 5.5g",1. Blend all ingredients using Grill. 2. Chill for 10 minutes. 3. Enjoy a refreshing meal.,Soy,15
Turkey Sandwich,Breakfast,Keto,"spinach, tomato, milk, avocado, garlic","Air Fryer, Oven","593 kcal, Protein: 19.2g, Carbs: 54.5g, Fats: 15.1g",1. Mix all ingredients in a bowl. 2. Use Oven to cook or blend. 3. Serve with your favorite topping.,"Dairy",52
Oatmeal with Berries,Snack,Vegetarian,"garlic, bell pepper, cucumber, avocado, tomato","Air Fryer, Stove","410 kcal, Protein: 7.4g, Carbs: 27.4g, Fats: 16.4g",1. Chop vegetables and prepare cucumber. 2. Cook using Stove. 3. Garnish before serving.,Dairy,46
Grilled Salmon,Snack,Vegetarian,"cheese, salmon, egg, quinoa, beans","Grill, Microwave","684 kcal, Protein: 15.3g, Carbs: 58.7g, Fats: 5.9g",1. Sauté ingredients on Grill. 2. Add seasoning and cook thoroughly. 3. Serve warm and enjoy.,Soy,56
Shrimp Fried Rice,Snack,Gluten-Free,"tomato, rice, garlic, kale, avocado","Grill, Oven","332 kcal, Protein: 20.0g, Carbs: 65.1g, Fats: 34.9g",1. Sauté ingredients on Oven. 2. Add seasoning and cook thoroughly. 3. Serve warm and enjoy.,None,41
Spaghetti Carbonara,Dinner,Vegan,"tofu, avocado, bell pepper, tomato, salmon","Stove, Instant Pot","397 kcal, Protein: 37.2g, Carbs: 54.0g, Fats: 22.9g",1. Chop vegetables and prepare tofu. 2. Cook using Instant Pot. 3. Garnish before serving.,Soy,28
Caesar Salad,Breakfast,Paleo,"mushroom, broccoli, salmon, milk, cucumber","Microwave, Air Fryer","686 kcal, Protein: 7.2g, Carbs: 35.3g, Fats: 7.8g",1. Blend all ingredients using Microwave. 2. Chill for 10 minutes. 3. Enjoy a refreshing meal.,Eggs,12
Mushroom Risotto,Dinner,Paleo,"carrot, garlic, cheese, chicken, broccoli","Instant Pot, Microwave","401 kcal, Protein: 11.3g, Carbs: 28.4g, Fats: 22.5g",1. Boil water and add cheese. 2. Stir occasionally using Microwave. 3. Drain and plate beautifully.,None,55
Avocado Toast,Snack,Vegan,"onion, mushroom, bell pepper, carrot, quinoa","Instant Pot, Grill","688 kcal, Protein: 6.5g, Carbs: 38.7g, Fats: 33.1g",1. Chop vegetables and prepare mushroom. 2. Cook using Grill. 3. Garnish before serving.,Nuts,35
Grilled Salmon,Breakfast,Vegetarian,"milk, mushroom, chicken, avocado, cucumber","Air Fryer, Blender","413 kcal, Protein: 5.3g, Carbs: 78.1g, Fats: 14.1g",1. Wash and prep all ingredients. 2. Heat Air Fryer and start cooking. 3. Combine everything and serve hot.,"Nuts, Shellfish",34
Smoothie Bowl,Breakfast,Vegan,"spinach, tofu, milk, rice, mushroom","Instant Pot, Grill","458 kcal, Protein: 31.1g, Carbs: 18.6g, Fats: 20.5g",1. Wash and prep all ingredients. 2. Heat Grill and start cooking. 3. Combine everything and serve hot.,Soy,40
Vegetable Stir-Fry,Breakfast,Vegetarian,"spinach, mushroom, tomato, quinoa, chicken","Grill, Air Fryer","596 kcal, Protein: 32.4g, Carbs: 62.1g, Fats: 18.6g",1. Boil water and add mushroom. 2. Stir occasionally using Air Fryer. 3. Drain and plate beautifully.,Nuts,35
Pancakes,Breakfast,Paleo,"spinach, avocado, carrot, milk, bell pepper","Blender, Microwave","607 kcal, Protein: 7.8g, Carbs: 71.6g, Fats: 15.1g",1. Blend all ingredients using Microwave. 2. Chill for 10 minutes. 3. Enjoy a refreshing meal.,"Shellfish, Dairy",35
Mushroom Risotto,Dinner,Gluten-Free,"onion, chicken, avocado, bell pepper, broccoli","Blender, Stove","184 kcal, Protein: 12.6g, Carbs: 49.3g, Fats: 24.5g",1. Sauté ingredients on Blender. 2. Add seasoning and cook thoroughly. 3. Serve warm and enjoy.,Gluten,40
Lentil Soup,Breakfast,Vegan,"bell pepper, salmon, tofu, beans, kale","Oven, Instant Pot","308 kcal, Protein: 25.4g, Carbs: 70.3g, Fats: 6.6g",1. Sauté ingredients on Oven. 2. Add seasoning and cook thoroughly. 3. Serve warm and enjoy.,Gluten,46
Beef Tacos,Snack,Vegetarian,"carrot, tofu, milk, salmon, egg","Microwave, Stove","401 kcal, Protein: 18.4g, Carbs: 38.5g, Fats: 30.3g",1. Boil water and add carrot. 2. Stir occasionally using Stove. 3. Drain and plate beautifully.,"Soy",31
Spaghetti Carbonara,Dinner,Paleo,"milk, rice, beans, chicken, broccoli","Grill, Air Fryer","399 kcal, Protein: 22.1g, Carbs: 72.4g, Fats: 9.3g",1. Mix all ingredients in a bowl. 2. Use Grill to cook or blend. 3. Serve with your favorite topping.,None,52
Greek Salad,Lunch,Vegetarian,"tomato, broccoli, egg, onion, bell pepper","Air Fryer, Grill","625 kcal, Protein: 11.5g, Carbs: 47.1g, Fats: 9.0g",1. Preheat the Grill. 2. Add egg and cook until done. 3. Let it cool slightly before serving.,Eggs,50
Keto Chicken Salad,Lunch,Vegan,"carrot, milk, bell pepper, onion, cucumber","Grill, Stove","462 kcal, Protein: 14.4g, Carbs: 48.9g, Fats: 10.6g",1. Mix all ingredients in a bowl. 2. Use Grill to cook or blend. 3. Serve with your favorite topping.,Shellfish,19
Beef Tacos,Lunch,Paleo,"spinach, quinoa, tofu, rice, egg","Oven, Grill","295 kcal, Protein: 14.3g, Carbs: 68.2g, Fats: 30.6g",1. Chop vegetables and prepare egg. 2. Cook using Grill. 3. Garnish before serving.,"Dairy, Gluten",11
Grilled Salmon,Breakfast,Paleo,"rice, spinach, tofu, kale, salmon","Oven, Instant Pot","527 kcal, Protein: 32.1g, Carbs: 39.2g, Fats: 14.1g",1. Sauté ingredients on Oven. 2. Add seasoning and cook thoroughly. 3. Serve warm and enjoy.,"Gluten",58
Chili Con Carne,Dinner,Gluten-Free,"rice, milk, chicken, carrot, mushroom","Air Fryer, Blender","328 kcal, Protein: 20.3g, Carbs: 10.9g, Fats: 3.7g",1. Mix all ingredients in a bowl. 2. Use Blender to cook or blend. 3. Serve with your favorite topping.,Dairy,44
Chili Con Carne,Lunch,Paleo,"carrot, chicken, bell pepper, cucumber, milk","Blender, Grill","286 kcal, Protein: 7.9g, Carbs: 17.9g, Fats: 13.3g",1. Boil water and add chicken. 2. Stir occasionally using Grill. 3. Drain and plate beautifully.,"Nuts, Shellfish",35
Lentil Soup,Snack,Gluten-Free,"spinach, cucumber, egg, beans, milk","Grill, Instant Pot","207 kcal, Protein: 38.6g, Carbs: 21.6g, Fats: 24.3g",1. Sauté ingredients on Instant Pot. 2. Add seasoning and cook thoroughly. 3. Serve warm and enjoy.,None,18
Pancakes,Snack,Keto,"carrot, beans, chicken, bell pepper, rice","Air Fryer, Stove","580 kcal, Protein: 36.4g, Carbs: 65.1g, Fats: 7.3g",1. Chop vegetables and prepare chicken. 2. Cook using Stove. 3. Garnish before serving.,Soy,42
Shrimp Fried Rice,Snack,Gluten-Free,"salmon, bell pepper, onion, egg, spinach","Microwave, Blender","176 kcal, Protein: 28.3g, Carbs: 42.1g, Fats: 19.3g",1. Mix all ingredients in a bowl. 2. Use Blender to cook or blend. 3. Serve with your favorite topping.,None,42
Chicken Stir-Fry,Lunch,Vegetarian,"carrot, kale, milk, egg, tomato","Microwave, Oven","635 kcal, Protein: 20.1g, Carbs: 30.3g, Fats: 24.6g",1. Sauté ingredients on Oven. 2. Add seasoning and cook thoroughly. 3. Serve warm and enjoy.,"Soy",53
Falafel Wrap,Dinner,Keto,"broccoli, tomato, salmon, kale, chicken","Microwave, Instant Pot","335 kcal, Protein: 10.9g, Carbs: 24.7g, Fats: 17.9g",1. Boil water and add kale. 2. Stir occasionally using Instant Pot. 3. Drain and plate beautifully.,Nuts,29
Spaghetti Carbonara,Lunch,Keto,"carrot, avocado, milk, egg, chicken","Air Fryer, Oven","408 kcal, Protein: 28.3g, Carbs: 11.3g, Fats: 21.7g",1. Wash and prep all ingredients. 2. Heat Oven and start cooking. 3. Combine everything and serve hot.,Soy,46
Vegan Quinoa Bowl,Snack,Vegetarian,"chicken, milk, salmon, tofu, broccoli","Instant Pot, Stove","221 kcal, Protein: 19.4g, Carbs: 41.3g, Fats: 31.6g",1. Mix all ingredients in a bowl. 2. Use Stove to cook or blend. 3. Serve with your favorite topping.,Eggs,27
Shrimp Fried Rice,Snack,Paleo,"salmon, rice, milk, carrot, bell pepper","Stove, Microwave","558 kcal, Protein: 37.4g, Carbs: 33.0g, Fats: 19.1g",1. Chop vegetables and prepare salmon. 2. Cook using Stove. 3. Garnish before serving.,None,33
Lentil Soup,Dinner,Gluten-Free,"avocado, cucumber, chicken, spinach, carrot","Microwave, Grill","323 kcal, Protein: 6.8g, Carbs: 61.0g, Fats: 8.9g",1. Wash and prep all ingredients. 2. Heat Microwave and start cooking. 3. Combine everything and serve hot.,Soy,45
Falafel Wrap,Snack,Vegetarian,"kale, quinoa, mushroom, broccoli, egg","Stove, Air Fryer","186 kcal, Protein: 37.0g, Carbs: 66.3g, Fats: 24.6g",1. Blend all ingredients using Air Fryer. 2. Chill for 10 minutes. 3. Enjoy a refreshing meal.,Soy,14
Greek Salad,Snack,Vegetarian,"garlic, tofu, kale, cucumber, egg","Stove, Grill","582 kcal, Protein: 24.4g, Carbs: 51.7g, Fats: 29.5g",1. Preheat the Stove. 2. Add tofu and cook until done. 3. Let it cool slightly before serving.,"Dairy, Soy",12
Avocado Toast,Breakfast,Vegan,"cucumber, cheese, salmon, milk, broccoli","Air Fryer, Grill","512 kcal, Protein: 32.9g, Carbs: 30.9g, Fats: 31.5g",1. Wash and prep all ingredients. 2. Heat Air Fryer and start cooking. 3. Combine everything and serve hot.,"Gluten, Eggs",37
Spaghetti Carbonara,Dinner,Paleo,"egg, quinoa, kale, mushroom, garlic","Instant Pot, Stove","342 kcal, Protein: 12.9g, Carbs: 38.0g, Fats: 18.6g",1. Chop vegetables and prepare mushroom. 2. Cook using Stove. 3. Garnish before serving.,Gluten,14
Spaghetti Carbonara,Breakfast,Vegetarian,"kale, milk, tofu, rice, spinach","Oven, Air Fryer","574 kcal, Protein: 16.5g, Carbs: 27.1g, Fats: 2.5g",1. Sauté ingredients on Oven. 2. Add seasoning and cook thoroughly. 3. Serve warm and enjoy.,Shellfish,43
Pancakes,Breakfast,Gluten-Free,"avocado, quinoa, broccoli, garlic, bell pepper","Air Fryer, Blender","319 kcal, Protein: 25.4g, Carbs: 31.2g, Fats: 4.3g",1. Wash and prep all ingredients. 2. Heat Blender and start cooking. 3. Combine everything and serve hot.,Gluten,38
Chicken Stir-Fry,Snack,Paleo,"quinoa, egg, salmon, tofu, beans","Blender, Oven","182 kcal, Protein: 36.2g, Carbs: 60.0g, Fats: 8.6g",1. Wash and prep all ingredients. 2. Heat Blender and start cooking. 3. Combine everything and serve hot.,Gluten,38
Greek Salad,Snack,Paleo,"cheese, salmon, carrot, quinoa, broccoli","Blender, Microwave","681 kcal, Protein: 27.8g, Carbs: 15.5g, Fats: 19.6g",1. Chop vegetables and prepare carrot. 2. Cook using Microwave. 3. Garnish before serving.,Gluten,27
Chicken Stir-Fry,Dinner,Paleo,"avocado, garlic, egg, broccoli, chicken","Instant Pot, Grill","226 kcal, Protein: 13.5g, Carbs: 35.5g, Fats: 11.9g",1. Blend all ingredients using Instant Pot. 2. Chill for 10 minutes. 3. Enjoy a refreshing meal.,"Shellfish, Dairy",51
Chili Con Carne,Lunch,Gluten-Free,"tofu, egg, avocado, tomato, cucumber","Blender, Instant Pot","241 kcal, Protein: 10.4g, Carbs: 69.5g, Fats: 12.9g",1. Blend all ingredients using Instant Pot. 2. Chill for 10 minutes. 3. Enjoy a refreshing meal.,None,31
Smoothie Bowl,Snack,Gluten-Free,"rice, mushroom, milk, bell pepper, garlic","Grill, Blender","571 kcal, Protein: 24.1g, Carbs: 13.3g, Fats: 31.8g",1. Chop vegetables and prepare mushroom. 2. Cook using Grill. 3. Garnish before serving.,Dairy,25
Caesar Salad,Snack,Vegetarian,"broccoli, tomato, kale, garlic, mushroom","Microwave, Instant Pot","476 kcal, Protein: 36.4g, Carbs: 28.1g, Fats: 19.3g",1. Chop vegetables and prepare broccoli. 2. Cook using Microwave. 3. Garnish before serving.,Dairy,32
Chili Con Carne,Breakfast,Paleo,"salmon, carrot, beans, garlic, rice","Grill, Microwave","180 kcal, Protein: 28.4g, Carbs: 42.9g, Fats: 18.1g",1. Wash and prep all ingredients. 2. Heat Grill and start cooking. 3. Combine everything and serve hot.,Gluten,50
Chili Con Carne,Breakfast,Vegetarian,"egg, milk, salmon, quinoa, bell pepper","Air Fryer, Instant Pot","229 kcal, Protein: 28.8g, Carbs: 15.3g, Fats: 3.6g",1. Preheat the Instant Pot. 2. Add salmon and cook until done. 3. Let it cool slightly before serving.,"Soy, Nuts",38
Mushroom Risotto,Snack,Vegetarian,"milk, carrot, quinoa, cucumber, spinach","Air Fryer, Grill","390 kcal, Protein: 33.0g, Carbs: 22.1g, Fats: 24.8g",1. Sauté ingredients on Air Fryer. 2. Add seasoning and cook thoroughly. 3. Serve warm and enjoy.,"Nuts",19
Shrimp Fried Rice,Dinner,Keto,"milk, quinoa, avocado, garlic, beans","Grill, Stove","548 kcal, Protein: 26.2g, Carbs: 37.6g, Fats: 2.7g",1. Chop vegetables and prepare avocado. 2. Cook using Stove. 3. Garnish before serving.,None,20
Lentil Soup,Breakfast,Paleo,"mushroom, kale, beans, cheese, bell pepper","Microwave, Stove","443 kcal, Protein: 20.9g, Carbs: 78.4g, Fats: 30.9g",1. Mix all ingredients in a bowl. 2. Use Microwave to cook or blend. 3. Serve with your favorite topping.,None,18
Mushroom Risotto,Breakfast,Vegetarian,"kale, garlic, cheese, onion, spinach","Stove, Blender","274 kcal, Protein: 14.2g, Carbs: 41.5g, Fats: 7.5g",1. Wash and prep all ingredients. 2. Heat Blender and start cooking. 3. Combine everything and serve hot.,"Dairy, Nuts",43
Vegetable Stir-Fry,Snack,Gluten-Free,"cheese, garlic, milk, avocado, onion","Oven, Grill","461 kcal, Protein: 23.5g, Carbs: 78.1g, Fats: 29.2g",1. Chop vegetables and prepare cheese. 2. Cook using Oven. 3. Garnish before serving.,"Gluten",44
Pancakes,Snack,Gluten-Free,"tofu, tomato, spinach, avocado, broccoli","Oven, Instant Pot","622 kcal, Protein: 38.2g, Carbs: 38.1g, Fats: 15.1g",1. Chop vegetables and prepare broccoli. 2. Cook using Oven. 3. Garnish before serving.,Dairy,13
Shrimp Fried Rice,Dinner,Vegetarian,"garlic, kale, cucumber, spinach, broccoli","Blender, Oven","631 kcal, Protein: 39.0g, Carbs: 25.0g, Fats: 27.6g",1. Boil water and add cucumber. 2. Stir occasionally using Oven. 3. Drain and plate beautifully.,Eggs,15
Greek Salad,Lunch,Keto,"quinoa, spinach, rice, salmon, avocado","Blender, Grill","202 kcal, Protein: 31.5g, Carbs: 75.0g, Fats: 10.1g",1. Mix all ingredients in a bowl. 2. Use Blender to cook or blend. 3. Serve with your favorite topping.,"Eggs, Shellfish",60
Chicken Stir-Fry,Breakfast,Keto,"broccoli, avocado, beans, rice, bell pepper","Oven, Grill","623 kcal, Protein: 35.3g, Carbs: 48.8g, Fats: 27.7g",1. Chop vegetables and prepare avocado. 2. Cook using Oven. 3. Garnish before serving.,Gluten,30
Turkey Sandwich,Snack,Vegan,"spinach, quinoa, chicken, kale, egg","Microwave, Grill","175 kcal, Protein: 13.2g, Carbs: 59.2g, Fats: 18.6g",1. Preheat the Microwave. 2. Add chicken and cook until done. 3. Let it cool slightly before serving.,"Eggs, Dairy",57
Beef Tacos,Dinner,Paleo,"kale, mushroom, avocado, quinoa, rice","Microwave, Grill","351 kcal, Protein: 23.7g, Carbs: 21.8g, Fats: 4.2g",1. Boil water and add quinoa. 2. Stir occasionally using Grill. 3. Drain and plate beautifully.,Gluten,44
Chicken Stir-Fry,Snack,Paleo,"mushroom, cucumber, bell pepper, egg, beans","Blender, Stove","593 kcal, Protein: 10.3g, Carbs: 17.7g, Fats: 19.0g",1. Preheat the Stove. 2. Add mushroom and cook until done. 3. Let it cool slightly before serving.,"Soy, Eggs",33
Vegetable Stir-Fry,Dinner,Keto,"avocado, cucumber, carrot, salmon, bell pepper","Stove, Air Fryer","151 kcal, Protein: 7.7g, Carbs: 32.0g, Fats: 21.0g",1. Preheat the Air Fryer. 2. Add avocado and cook until done. 3. Let it cool slightly before serving.,"Eggs, Dairy",59
Oatmeal with Berries,Lunch,Paleo,"milk, quinoa, cucumber, kale, mushroom","Blender, Instant Pot","175 kcal, Protein: 28.5g, Carbs: 41.2g, Fats: 3.2g",1. Chop vegetables and prepare milk. 2. Cook using Blender. 3. Garnish before serving.,None,16
Falafel Wrap,Lunch,Gluten-Free,"broccoli, tomato, kale, milk, avocado","Air Fryer, Stove","288 kcal, Protein: 24.0g, Carbs: 32.9g, Fats: 4.2g",1. Chop vegetables and prepare tomato. 2. Cook using Stove. 3. Garnish before serving.,Nuts,17
Vegetable Stir-Fry,Snack,Paleo,"onion, tofu, beans, tomato, salmon","Stove, Blender","321 kcal, Protein: 37.7g, Carbs: 31.5g, Fats: 3.1g",1. Blend all ingredients using Stove. 2. Chill for 10 minutes. 3. Enjoy a refreshing meal.,Dairy,55
Mushroom Risotto,Lunch,Gluten-Free,"bell pepper, salmon, mushroom, cheese, rice","Blender, Air Fryer","387 kcal, Protein: 25.1g, Carbs: 42.2g, Fats: 16.2g",1. Blend all ingredients using Blender. 2. Chill for 10 minutes. 3. Enjoy a refreshing meal.,"Shellfish",49
Grilled Salmon,Breakfast,Vegetarian,"cheese, cucumber, beans, tomato, chicken","Grill, Instant Pot","170 kcal, Protein: 39.7g, Carbs: 20.3g, Fats: 8.9g",1. Boil water and add cheese. 2. Stir occasionally using Instant Pot. 3. Drain and plate beautifully.,None,19
Chili Con Carne,Breakfast,Gluten-Free,"garlic, spinach, rice, onion, kale","Grill, Oven","543 kcal, Protein: 38.6g, Carbs: 37.5g, Fats: 29.1g",1. Mix all ingredients in a bowl. 2. Use Grill to cook or blend. 3. Serve with your favorite topping.,None,35
Mushroom Risotto,Snack,Keto,"beans, onion, avocado, spinach, cheese","Oven, Stove","416 kcal, Protein: 8.0g, Carbs: 36.9g, Fats: 34.2g",1. Sauté ingredients on Stove. 2. Add seasoning and cook thoroughly. 3. Serve warm and enjoy.,"Shellfish, Gluten",43
Greek Salad,Dinner,Paleo,"broccoli, garlic, carrot, avocado, bell pepper","Air Fryer, Stove","322 kcal, Protein: 33.8g, Carbs: 30.5g, Fats: 29.2g",1. Blend all ingredients using Stove. 2. Chill for 10 minutes. 3. Enjoy a refreshing meal.,Nuts,42
Caesar Salad,Dinner,Vegan,"egg, kale, chicken, cheese, quinoa","Microwave, Oven","565 kcal, Protein: 24.4g, Carbs: 15.1g, Fats: 9.5g",1. Wash and prep all ingredients. 2. Heat Microwave and start cooking. 3. Combine everything and serve hot.,"Shellfish",20
Falafel Wrap,Lunch,Vegetarian,"spinach, carrot, garlic, tofu, egg","Instant Pot, Air Fryer","215 kcal, Protein: 20.4g, Carbs: 57.5g, Fats: 28.5g",1. Wash and prep all ingredients. 2. Heat Air Fryer and start cooking. 3. Combine everything and serve hot.,Nuts,32
Lentil Soup,Breakfast,Paleo,"garlic, tomato, chicken, egg, milk","Blender, Oven","690 kcal, Protein: 37.2g, Carbs: 26.1g, Fats: 10.8g",1. Blend all ingredients using Oven. 2. Chill for 10 minutes. 3. Enjoy a refreshing meal.,Dairy,43
Beef Tacos,Breakfast,Gluten-Free,"spinach, rice, salmon, cucumber, chicken","Grill, Instant Pot","263 kcal, Protein: 30.1g, Carbs: 60.4g, Fats: 27.7g",1. Wash and prep all ingredients. 2. Heat Grill and start cooking. 3. Combine everything and serve hot.,None,49
Mushroom Risotto,Dinner,Gluten-Free,"chicken, kale, bell pepper, carrot, mushroom","Microwave, Stove","398 kcal, Protein: 11.2g, Carbs: 46.8g, Fats: 11.7g",1. Blend all ingredients using Microwave. 2. Chill for 10 minutes. 3. Enjoy a refreshing meal.,None,17
Vegetable Stir-Fry,Breakfast,Paleo,"spinach, carrot, tofu, tomato, bell pepper","Grill, Air Fryer","491 kcal, Protein: 36.2g, Carbs: 39.1g, Fats: 15.7g",1. Sauté ingredients on Air Fryer. 2. Add seasoning and cook thoroughly. 3. Serve warm and enjoy.,Dairy,54
Chicken Stir-Fry,Snack,Gluten-Free,"salmon, onion, bell pepper, milk, carrot","Grill, Oven","408 kcal, Protein: 18.6g, Carbs: 25.4g, Fats: 12.5g",1. Wash and prep all ingredients. 2. Heat Grill and start cooking. 3. Combine everything and serve hot.,Eggs,36
Caesar Salad,Lunch,Paleo,"mushroom, milk, quinoa, salmon, avocado","Blender, Stove","297 kcal, Protein: 27.7g, Carbs: 43.6g, Fats: 17.3g",1. Chop vegetables and prepare salmon. 2. Cook using Blender. 3. Garnish before serving.,Shellfish,12
Vegan Quinoa Bowl,Breakfast,Keto,"egg, rice, broccoli, cucumber, chicken","Stove, Oven","271 kcal, Protein: 18.0g, Carbs: 39.7g, Fats: 11.6g",1. Boil water and add broccoli. 2. Stir occasionally using Oven. 3. Drain and plate beautifully.,Nuts,55
Keto Chicken Salad,Lunch,Paleo,"kale, beans, chicken, quinoa, salmon","Oven, Blender","494 kcal, Protein: 14.8g, Carbs: 23.1g, Fats: 8.3g",1. Wash and prep all ingredients. 2. Heat Oven and start cooking. 3. Combine everything and serve hot.,"Dairy, Shellfish",56
Pancakes,Snack,Keto,"cucumber, cheese, carrot, quinoa, rice","Air Fryer, Grill","204 kcal, Protein: 30.9g, Carbs: 76.2g, Fats: 14.0g",1. Boil water and add quinoa. 2. Stir occasionally using Air Fryer. 3. Drain and plate beautifully.,"Nuts, Soy",27
Grilled Salmon,Snack,Paleo,"chicken, spinach, onion, milk, cucumber","Instant Pot, Grill","151 kcal, Protein: 21.8g, Carbs: 58.6g, Fats: 5.4g",1. Blend all ingredients using Instant Pot. 2. Chill for 10 minutes. 3. Enjoy a refreshing meal.,Nuts,26
Grilled Salmon,Snack,Vegetarian,"carrot, beans, garlic, quinoa, chicken","Instant Pot, Air Fryer","625 kcal, Protein: 5.8g, Carbs: 64.7g, Fats: 12.3g",1. Wash and prep all ingredients. 2. Heat Instant Pot and start cooking. 3. Combine everything and serve hot.,Gluten,23
Lentil Soup,Snack,Keto,"milk, onion, kale, tofu, avocado","Blender, Oven","346 kcal, Protein: 7.2g, Carbs: 56.5g, Fats: 24.1g",1. Sauté ingredients on Oven. 2. Add seasoning and cook thoroughly. 3. Serve warm and enjoy.,"Soy, Dairy",13
Avocado Toast,Breakfast,Gluten-Free,"egg, rice, mushroom, garlic, quinoa","Grill, Blender","231 kcal, Protein: 31.0g, Carbs: 33.6g, Fats: 12.9g",1. Chop vegetables and prepare rice. 2. Cook using Grill. 3. Garnish before serving.,Gluten,31
Chili Con Carne,Dinner,Keto,"tofu, milk, rice, spinach, onion","Blender, Stove","508 kcal, Protein: 26.4g, Carbs: 13.6g, Fats: 28.0g",1. Boil water and add tofu. 2. Stir occasionally using Blender. 3. Drain and plate beautifully.,"Dairy, Eggs",50
Vegetable Stir-Fry,Dinner,Vegan,"egg, spinach, cheese, beans, avocado","Air Fryer, Grill","582 kcal, Protein: 18.0g, Carbs: 62.7g, Fats: 9.5g",1. Preheat the Grill. 2. Add avocado and cook until done. 3. Let it cool slightly before serving.,"Shellfish, Dairy",46
Oatmeal with Berries,Lunch,Keto,"cucumber, tofu, carrot, onion, bell pepper","Grill, Air Fryer","569 kcal, Protein: 39.0g, Carbs: 51.7g, Fats: 15.5g",1. Boil water and add carrot. 2. Stir occasionally using Air Fryer. 3. Drain and plate beautifully.,"Shellfish, Gluten",32
Caesar Salad,Breakfast,Vegetarian,"kale, tomato, quinoa, cucumber, beans","Air Fryer, Blender","335 kcal, Protein: 36.3g, Carbs: 43.8g, Fats: 32.7g",1. Preheat the Air Fryer. 2. Add cucumber and cook until done. 3. Let it cool slightly before serving.,"Dairy, Nuts",56
Smoothie Bowl,Snack,Vegan,"garlic, cucumber, tomato, onion, chicken","Oven, Microwave","234 kcal, Protein: 17.6g, Carbs: 49.2g, Fats: 26.1g",1. Chop vegetables and prepare onion. 2. Cook using Microwave. 3. Garnish before serving.,Shellfish,58
Vegetable Stir-Fry,Snack,Vegetarian,"kale, beans, cheese, tofu, tomato","Oven, Blender","400 kcal, Protein: 17.4g, Carbs: 60.8g, Fats: 6.8g",1. Blend all ingredients using Oven. 2. Chill for 10 minutes. 3. Enjoy a refreshing meal.,Dairy,48
Avocado Toast,Lunch,Vegan,"tofu, bell pepper, egg, cucumber, garlic","Air Fryer, Instant Pot","231 kcal, Protein: 37.5g, Carbs: 28.9g, Fats: 29.2g",1. Blend all ingredients using Air Fryer. 2. Chill for 10 minutes. 3. Enjoy a refreshing meal.,"Soy",36
Falafel Wrap,Lunch,Keto,"bell pepper, rice, beans, quinoa, onion","Air Fryer, Stove","163 kcal, Protein: 26.1g, Carbs: 34.2g, Fats: 8.5g",1. Preheat the Air Fryer. 2. Add bell pepper and cook until done. 3. Let it cool slightly before serving.,"Shellfish, Dairy",19
Lentil Soup,Breakfast,Gluten-Free,"cucumber, mushroom, quinoa, salmon, chicken","Oven, Stove","379 kcal, Protein: 38.6g, Carbs: 43.7g, Fats: 24.2g",1. Blend all ingredients using Oven. 2. Chill for 10 minutes. 3. Enjoy a refreshing meal.,Nuts,11
Vegetable Stir-Fry,Dinner,Keto,"cheese, tofu, quinoa, milk, cucumber","Instant Pot, Stove","418 kcal, Protein: 10.1g, Carbs: 30.9g, Fats: 3.1g",1. Chop vegetables and prepare milk. 2. Cook using Stove. 3. Garnish before serving.,Nuts,51
Grilled Salmon,Lunch,Gluten-Free,"bell pepper, kale, chicken, salmon, garlic","Stove, Air Fryer","175 kcal, Protein: 38.9g, Carbs: 34.9g, Fats: 29.3g",1. Wash and prep all ingredients. 2. Heat Stove and start cooking. 3. Combine everything and serve hot.,Eggs,13
Greek Salad,Breakfast,Keto,"kale, beans, egg, salmon, onion","Air Fryer, Oven","356 kcal, Protein: 32.5g, Carbs: 25.7g, Fats: 28.8g",1. Chop vegetables and prepare salmon. 2. Cook using Oven. 3. Garnish before serving.,"Gluten, Nuts",14
Shrimp Fried Rice,Lunch,Keto,"tomato, tofu, rice, salmon, onion","Air Fryer, Microwave","654 kcal, Protein: 8.1g, Carbs: 30.7g, Fats: 28.5g",1. Sauté ingredients on Microwave. 2. Add seasoning and cook thoroughly. 3. Serve warm and enjoy.,Shellfish,53
Falafel Wrap,Breakfast,Gluten-Free,"tomato, beans, tofu, onion, spinach","Instant Pot, Grill","598 kcal, Protein: 9.1g, Carbs: 56.3g, Fats: 13.2g",1. Mix all ingredients in a bowl. 2. Use Grill to cook or blend. 3. Serve with your favorite topping.,"Shellfish, Gluten",43
Vegetable Stir-Fry,Dinner,Vegan,"garlic, onion, milk, bell pepper, mushroom","Grill, Microwave","411 kcal, Protein: 28.7g, Carbs: 57.9g, Fats: 23.9g",1. Blend all ingredients using Grill. 2. Chill for 10 minutes. 3. Enjoy a refreshing meal.,Dairy,30
Keto Chicken Salad,Dinner,Keto,"tofu, garlic, beans, avocado, egg","Oven, Grill","359 kcal, Protein: 22.0g, Carbs: 40.8g, Fats: 28.0g",1. Chop vegetables and prepare garlic. 2. Cook using Grill. 3. Garnish before serving.,"Eggs, Soy",57
Grilled Salmon,Dinner,Keto,"chicken, carrot, avocado, spinach, kale","Air Fryer, Oven","437 kcal, Protein: 33.9g, Carbs: 76.4g, Fats: 34.2g",1. Sauté ingredients on Oven. 2. Add seasoning and cook thoroughly. 3. Serve warm and enjoy.,"Shellfish, Dairy",21
Keto Chicken Salad,Lunch,Paleo,"tomato, avocado, cucumber, tofu, cheese","Microwave, Air Fryer","165 kcal, Protein: 8.4g, Carbs: 49.1g, Fats: 17.4g",1. Blend all ingredients using Microwave. 2. Chill for 10 minutes. 3. Enjoy a refreshing meal.,None,57
Tofu Curry,Dinner,Vegetarian,"quinoa, beans, avocado, egg, garlic","Blender, Microwave","498 kcal, Protein: 19.6g, Carbs: 16.2g, Fats: 30.1g",1. Chop vegetables and prepare egg. 2. Cook using Microwave. 3. Garnish before serving.,"Gluten",22
Chicken Stir-Fry,Snack,Paleo,"milk, cucumber, spinach, quinoa, garlic","Instant Pot, Stove","199 kcal, Protein: 29.6g, Carbs: 58.8g, Fats: 14.4g",1. Preheat the Instant Pot. 2. Add cucumber and cook until done. 3. Let it cool slightly before serving.,"Dairy, Eggs",12
Chicken Stir-Fry,Breakfast,Gluten-Free,"mushroom, carrot, tomato, spinach, kale","Microwave, Instant Pot","171 kcal, Protein: 17.0g, Carbs: 27.8g, Fats: 18.6g",1. Boil water and add carrot. 2. Stir occasionally using Instant Pot. 3. Drain and plate beautifully.,Soy,24
Turkey Sandwich,Dinner,Vegetarian,"quinoa, milk, beans, salmon, rice","Microwave, Oven","580 kcal, Protein: 10.5g, Carbs: 54.1g, Fats: 15.7g",1. Chop vegetables and prepare quinoa. 2. Cook using Oven. 3. Garnish before serving.,Nuts,53
Vegan Quinoa Bowl,Lunch,Vegetarian,"egg, cucumber, kale, garlic, milk","Stove, Microwave","693 kcal, Protein: 33.0g, Carbs: 17.2g, Fats: 5.0g",1. Mix all ingredients in a bowl. 2. Use Microwave to cook or blend. 3. Serve with your favorite topping.,Gluten,51
Spaghetti Carbonara,Dinner,Paleo,"tofu, kale, rice, beans, carrot","Air Fryer, Grill","293 kcal, Protein: 10.1g, Carbs: 25.4g, Fats: 28.6g",1. Mix all ingredients in a bowl. 2. Use Grill to cook or blend. 3. Serve with your favorite topping.,Soy,17
Vegan Quinoa Bowl,Breakfast,Paleo,"cheese, mushroom, avocado, kale, garlic","Microwave, Air Fryer","675 kcal, Protein: 28.0g, Carbs: 21.1g, Fats: 6.3g",1. Wash and prep all ingredients. 2. Heat Microwave and start cooking. 3. Combine everything and serve hot.,Dairy,36
Shrimp Fried Rice,Breakfast,Keto,"avocado, kale, carrot, tofu, spinach","Instant Pot, Stove","303 kcal, Protein: 8.1g, Carbs: 41.4g, Fats: 29.8g",1. Mix all ingredients in a bowl. 2. Use Stove to cook or blend. 3. Serve with your favorite topping.,Gluten,44
Chili Con Carne,Breakfast,Paleo,"tomato, milk, egg, cucumber, garlic","Air Fryer, Microwave","508 kcal, Protein: 5.7g, Carbs: 56.1g, Fats: 19.7g",1. Wash and prep all ingredients. 2. Heat Air Fryer and start cooking. 3. Combine everything and serve hot.,"Nuts",39
Caesar Salad,Lunch,Vegan,"onion, cheese, salmon, carrot, quinoa","Grill, Microwave","605 kcal, Protein: 34.0g, Carbs: 66.2g, Fats: 8.9g",1. Boil water and add cheese. 2. Stir occasionally using Grill. 3. Drain and plate beautifully.,"Gluten, Shellfish",58
Vegetable Stir-Fry,Lunch,Gluten-Free,"egg, quinoa, onion, spinach, cucumber","Grill, Stove","551 kcal, Protein: 18.1g, Carbs: 42.5g, Fats: 34.3g",1. Mix all ingredients in a bowl. 2. Use Stove to cook or blend. 3. Serve with your favorite topping.,Nuts,56
Vegan Quinoa Bowl,Snack,Vegetarian,"mushroom, egg, tofu, milk, carrot","Grill, Instant Pot","489 kcal, Protein: 7.3g, Carbs: 59.7g, Fats: 25.5g",1. Chop vegetables and prepare milk. 2. Cook using Instant Pot. 3. Garnish before serving.,Shellfish,60
Keto Chicken Salad,Breakfast,Paleo,"onion, mushroom, milk, quinoa, chicken","Instant Pot, Oven","356 kcal, Protein: 33.5g, Carbs: 66.4g, Fats: 10.7g",1. Boil water and add onion. 2. Stir occasionally using Oven. 3. Drain and plate beautifully.,None,14
Spaghetti Carbonara,Lunch,Gluten-Free,"milk, mushroom, avocado, spinach, garlic","Oven, Stove","533 kcal, Protein: 31.0g, Carbs: 23.9g, Fats: 19.6g",1. Mix all ingredients in a bowl. 2. Use Oven to cook or blend. 3. Serve with your favorite topping.,None,20
Pancakes,Lunch,Vegetarian,"chicken, milk, cucumber, onion, salmon","Stove, Grill","170 kcal, Protein: 20.8g, Carbs: 37.3g, Fats: 16.3g",1. Boil water and add cucumber. 2. Stir occasionally using Stove. 3. Drain and plate beautifully.,"Nuts, Dairy",14
Mushroom Risotto,Breakfast,Vegetarian,"tomato, rice, salmon, egg, mushroom","Stove, Instant Pot","342 kcal, Protein: 22.2g, Carbs: 55.8g, Fats: 9.6g",1. Blend all ingredients using Stove. 2. Chill for 10 minutes. 3. Enjoy a refreshing meal.,"Nuts",56
Shrimp Fried Rice,Snack,Keto,"beans, broccoli, onion, quinoa, cucumber","Oven, Air Fryer","227 kcal, Protein: 30.4g, Carbs: 12.3g, Fats: 13.0g",1. Wash and prep all ingredients. 2. Heat Oven and start cooking. 3. Combine everything and serve hot.,"Shellfish",48
Tofu Curry,Dinner,Paleo,"chicken, salmon, bell pepper, spinach, quinoa","Blender, Microwave","167 kcal, Protein: 20.9g, Carbs: 75.4g, Fats: 32.4g",1. Blend all ingredients using Blender. 2. Chill for 10 minutes. 3. Enjoy a refreshing meal.,Shellfish,36
Avocado Toast,Dinner,Keto,"cheese, milk, quinoa, beans, chicken","Blender, Stove","184 kcal, Protein: 8.8g, Carbs: 28.1g, Fats: 2.3g",1. Preheat the Stove. 2. Add milk and cook until done. 3. Let it cool slightly before serving.,"Dairy, Nuts",42
Greek Salad,Dinner,Paleo,"broccoli, garlic, cucumber, tomato, kale","Microwave, Stove","276 kcal, Protein: 6.6g, Carbs: 33.5g, Fats: 4.1g",1. Wash and prep all ingredients. 2. Heat Microwave and start cooking. 3. Combine everything and serve hot.,"Dairy",46
Chicken Stir-Fry,Lunch,Keto,"tofu, cheese, garlic, rice, salmon","Stove, Air Fryer","349 kcal, Protein: 15.0g, Carbs: 13.2g, Fats: 18.7g",1. Wash and prep all ingredients. 2. Heat Air Fryer and start cooking. 3. Combine everything and serve hot.,Dairy,50
Chicken Stir-Fry,Dinner,Vegetarian,"tofu, egg, salmon, garlic, onion","Grill, Microwave","347 kcal, Protein: 38.8g, Carbs: 56.2g, Fats: 14.9g",1. Chop vegetables and prepare onion. 2. Cook using Microwave. 3. Garnish before serving.,Shellfish,35
Keto Chicken Salad,Lunch,Keto,"cheese, cucumber, spinach, carrot, avocado","Microwave, Grill","440 kcal, Protein: 31.5g, Carbs: 15.1g, Fats: 19.4g",1. Blend all ingredients using Grill. 2. Chill for 10 minutes. 3. Enjoy a refreshing meal.,"Gluten",56
Chicken Stir-Fry,Snack,Paleo,"mushroom, tofu, avocado, salmon, spinach","Oven, Air Fryer","254 kcal, Protein: 23.9g, Carbs: 70.1g, Fats: 9.4g",1. Sauté ingredients on Air Fryer. 2. Add seasoning and cook thoroughly. 3. Serve warm and enjoy.,"Soy, Nuts",50
Falafel Wrap,Lunch,Gluten-Free,"garlic, broccoli, beans, bell pepper, kale","Oven, Instant Pot","573 kcal, Protein: 26.8g, Carbs: 54.7g, Fats: 14.6g",1. Wash and prep all ingredients. 2. Heat Instant Pot and start cooking. 3. Combine everything and serve hot.,"Soy",15
Chicken Stir-Fry,Dinner,Gluten-Free,"cucumber, avocado, garlic, rice, mushroom","Grill, Instant Pot","622 kcal, Protein: 28.0g, Carbs: 72.1g, Fats: 4.8g",1. Preheat the Instant Pot. 2. Add rice and cook until done. 3. Let it cool slightly before serving.,"Shellfish, Eggs",17
Keto Chicken Salad,Snack,Vegetarian,"onion, bell pepper, cucumber, cheese, avocado","Instant Pot, Grill","653 kcal, Protein: 26.5g, Carbs: 49.8g, Fats: 31.2g",1. Blend all ingredients using Grill. 2. Chill for 10 minutes. 3. Enjoy a refreshing meal.,"Shellfish, Nuts",21
Beef Tacos,Breakfast,Vegan,"milk, tomato, rice, salmon, broccoli","Air Fryer, Blender","154 kcal, Protein: 24.6g, Carbs: 15.1g, Fats: 3.9g",1. Blend all ingredients using Blender. 2. Chill for 10 minutes. 3. Enjoy a refreshing meal.,"Eggs, Nuts",21
Vegetable Stir-Fry,Breakfast,Vegan,"quinoa, salmon, onion, tofu, bell pepper","Oven, Stove","252 kcal, Protein: 29.2g, Carbs: 48.6g, Fats: 15.3g",1. Chop vegetables and prepare salmon. 2. Cook using Stove. 3. Garnish before serving.,Dairy,14
Chicken Stir-Fry,Snack,Vegan,"cheese, beans, garlic, tofu, avocado","Stove, Oven","416 kcal, Protein: 12.7g, Carbs: 42.8g, Fats: 9.2g",1. Blend all ingredients using Oven. 2. Chill for 10 minutes. 3. Enjoy a refreshing meal.,Shellfish,43
Tofu Curry,Breakfast,Keto,"cucumber, egg, garlic, mushroom, bell pepper","Oven, Microwave","531 kcal, Protein: 12.1g, Carbs: 50.4g, Fats: 4.7g",1. Preheat the Microwave. 2. Add bell pepper and cook until done. 3. Let it cool slightly before serving.,Eggs,33
Mushroom Risotto,Dinner,Vegetarian,"bell pepper, avocado, spinach, onion, mushroom","Grill, Blender","341 kcal, Protein: 5.2g, Carbs: 74.2g, Fats: 13.3g",1. Sauté ingredients on Blender. 2. Add seasoning and cook thoroughly. 3. Serve warm and enjoy.,Shellfish,20
Shrimp Fried Rice,Snack,Vegetarian,"tomato, avocado, salmon, bell pepper, rice","Stove, Blender","686 kcal, Protein: 25.2g, Carbs: 38.8g, Fats: 30.3g",1. Chop vegetables and prepare bell pepper. 2. Cook using Stove. 3. Garnish before serving.,Dairy,24
Caesar Salad,Breakfast,Vegetarian,"spinach, broccoli, cheese, beans, cucumber","Stove, Blender","353 kcal, Protein: 9.0g, Carbs: 33.1g, Fats: 4.8g",1. Preheat the Stove. 2. Add broccoli and cook until done. 3. Let it cool slightly before serving.,Gluten,58
Shrimp Fried Rice,Breakfast,Paleo,"tomato, quinoa, onion, spinach, carrot","Microwave, Stove","319 kcal, Protein: 32.7g, Carbs: 54.9g, Fats: 21.1g",1. Wash and prep all ingredients. 2. Heat Stove and start cooking. 3. Combine everything and serve hot.,"Soy, Nuts",15
Chicken Stir-Fry,Dinner,Keto,"onion, tomato, broccoli, tofu, milk","Oven, Instant Pot","587 kcal, Protein: 17.0g, Carbs: 60.2g, Fats: 12.9g",1. Preheat the Instant Pot. 2. Add tomato and cook until done. 3. Let it cool slightly before serving.,None,28
Lentil Soup,Lunch,Vegetarian,"quinoa, milk, kale, avocado, tomato","Stove, Microwave","600 kcal, Protein: 26.2g, Carbs: 13.1g, Fats: 32.3g",1. Chop vegetables and prepare tomato. 2. Cook using Microwave. 3. Garnish before serving.,"Nuts, Dairy",18
Vegan Quinoa Bowl,Snack,Vegetarian,"tofu, mushroom, cucumber, carrot, avocado","Oven, Instant Pot","266 kcal, Protein: 12.5g, Carbs: 44.3g, Fats: 15.6g",1. Mix all ingredients in a bowl. 2. Use Instant Pot to cook or blend. 3. Serve with your favorite topping.,"Nuts, Gluten",18
Greek Salad,Snack,Keto,"rice, spinach, kale, salmon, tomato","Air Fryer, Blender","686 kcal, Protein: 37.5g, Carbs: 64.7g, Fats: 34.9g",1. Sauté ingredients on Blender. 2. Add seasoning and cook thoroughly. 3. Serve warm and enjoy.,Nuts,60
Oatmeal with Berries,Dinner,Vegan,"milk, quinoa, onion, tofu, spinach","Blender, Oven","603 kcal, Protein: 30.5g, Carbs: 62.3g, Fats: 11.0g",1. Preheat the Blender. 2. Add quinoa and cook until done. 3. Let it cool slightly before serving.,Nuts,54
Smoothie Bowl,Dinner,Gluten-Free,"cheese, cucumber, carrot, salmon, chicken","Oven, Grill","459 kcal, Protein: 36.5g, Carbs: 38.5g, Fats: 6.0g",1. Mix all ingredients in a bowl. 2. Use Grill to cook or blend. 3. Serve with your favorite topping.,Shellfish,37
Vegan Quinoa Bowl,Dinner,Vegan,"quinoa, milk, cucumber, bell pepper, kale","Instant Pot, Air Fryer","204 kcal, Protein: 14.8g, Carbs: 13.3g, Fats: 23.3g",1. Sauté ingredients on Instant Pot. 2. Add seasoning and cook thoroughly. 3. Serve warm and enjoy.,Dairy,31
Smoothie Bowl,Lunch,Keto,"cheese, kale, cucumber, broccoli, chicken","Stove, Blender","400 kcal, Protein: 36.7g, Carbs: 27.5g, Fats: 4.8g",1. Wash and prep all ingredients. 2. Heat Blender and start cooking. 3. Combine everything and serve hot.,Nuts,37
Tofu Curry,Breakfast,Keto,"milk, rice, onion, kale, tofu","Grill, Air Fryer","210 kcal, Protein: 18.6g, Carbs: 25.9g, Fats: 28.3g",1. Wash and prep all ingredients. 2. Heat Grill and start cooking. 3. Combine everything and serve hot.,Dairy,14
Chili Con Carne,Snack,Keto,"garlic, onion, mushroom, broccoli, milk","Air Fryer, Instant Pot","524 kcal, Protein: 16.3g, Carbs: 19.7g, Fats: 25.0g",1. Blend all ingredients using Instant Pot. 2. Chill for 10 minutes. 3. Enjoy a refreshing meal.,"Nuts",45
Smoothie Bowl,Snack,Vegetarian,"quinoa, tofu, carrot, beans, egg","Instant Pot, Microwave","646 kcal, Protein: 37.5g, Carbs: 45.4g, Fats: 9.3g",1. Mix all ingredients in a bowl. 2. Use Microwave to cook or blend. 3. Serve with your favorite topping.,None,45
Pancakes,Dinner,Vegetarian,"spinach, bell pepper, carrot, tomato, garlic","Microwave, Stove","429 kcal, Protein: 8.7g, Carbs: 46.0g, Fats: 15.8g",1. Wash and prep all ingredients. 2. Heat Microwave and start cooking. 3. Combine everything and serve hot.,"Gluten",34
Greek Salad,Snack,Vegetarian,"avocado, quinoa, mushroom, tofu, chicken","Air Fryer, Oven","447 kcal, Protein: 39.4g, Carbs: 13.1g, Fats: 9.5g",1. Sauté ingredients on Air Fryer. 2. Add seasoning and cook thoroughly. 3. Serve warm and enjoy.,"Gluten, Shellfish",13
Lentil Soup,Dinner,Paleo,"chicken, tomato, beans, tofu, milk","Instant Pot, Microwave","519 kcal, Protein: 10.3g, Carbs: 35.1g, Fats: 13.4g",1. Preheat the Microwave. 2. Add tomato and cook until done. 3. Let it cool slightly before serving.,Eggs,22
Pancakes,Breakfast,Gluten-Free,"tomato, milk, salmon, broccoli, onion","Stove, Microwave","271 kcal, Protein: 36.2g, Carbs: 19.8g, Fats: 11.2g",1. Sauté ingredients on Stove. 2. Add seasoning and cook thoroughly. 3. Serve warm and enjoy.,Gluten,31
Spaghetti Carbonara,Snack,Vegan,"cucumber, bell pepper, egg, broccoli, beans","Air Fryer, Oven","156 kcal, Protein: 16.7g, Carbs: 31.2g, Fats: 11.1g",1. Wash and prep all ingredients. 2. Heat Oven and start cooking. 3. Combine everything and serve hot.,"Nuts, Gluten",11
Beef Tacos,Lunch,Paleo,"cheese, beans, spinach, garlic, onion","Blender, Grill","361 kcal, Protein: 39.4g, Carbs: 67.4g, Fats: 12.7g",1. Blend all ingredients using Blender. 2. Chill for 10 minutes. 3. Enjoy a refreshing meal.,"Soy",40
Pancakes,Snack,Paleo,"avocado, salmon, beans, onion, tofu","Instant Pot, Microwave","220 kcal, Protein: 22.4g, Carbs: 68.4g, Fats: 17.0g",1. Mix all ingredients in a bowl. 2. Use Instant Pot to cook or blend. 3. Serve with your favorite topping.,"Eggs, Gluten",51
Greek Salad,Breakfast,Vegetarian,"onion, chicken, kale, spinach, milk","Instant Pot, Grill","215 kcal, Protein: 37.3g, Carbs: 22.3g, Fats: 21.2g",1. Wash and prep all ingredients. 2. Heat Grill and start cooking. 3. Combine everything and serve hot.,Eggs,51
Keto Chicken Salad,Lunch,Vegan,"cucumber, cheese, tofu, chicken, salmon","Grill, Air Fryer","606 kcal, Protein: 22.0g, Carbs: 24.7g, Fats: 6.2g",1. Blend all ingredients using Grill. 2. Chill for 10 minutes. 3. Enjoy a refreshing meal.,"Dairy",53
Grilled Salmon,Breakfast,Keto,"milk, mushroom, bell pepper, beans, carrot","Grill, Air Fryer","395 kcal, Protein: 22.7g, Carbs: 43.6g, Fats: 4.2g",1. Sauté ingredients on Grill. 2. Add seasoning and cook thoroughly. 3. Serve warm and enjoy.,Eggs,28
Caesar Salad,Lunch,Vegetarian,"rice, tomato, broccoli, milk, salmon","Instant Pot, Microwave","226 kcal, Protein: 24.7g, Carbs: 52.8g, Fats: 13.4g",1. Blend all ingredients using Instant Pot. 2. Chill for 10 minutes. 3. Enjoy a refreshing meal.,"Nuts, Gluten",10
Oatmeal with Berries,Dinner,Vegetarian,"spinach, salmon, tomato, tofu, avocado","Oven, Blender","540 kcal, Protein: 8.2g, Carbs: 44.7g, Fats: 24.2g",1. Mix all ingredients in a bowl. 2. Use Blender to cook or blend. 3. Serve with your favorite topping.,"Shellfish",17
Chicken Stir-Fry,Lunch,Keto,"tofu, onion, chicken, milk, rice","Blender, Instant Pot","274 kcal, Protein: 38.5g, Carbs: 70.7g, Fats: 8.3g",1. Boil water and add milk. 2. Stir occasionally using Blender. 3. Drain and plate beautifully.,"Dairy",40
Pancakes,Dinner,Vegetarian,"onion, rice, bell pepper, beans, salmon","Instant Pot, Blender","664 kcal, Protein: 15.4g, Carbs: 22.2g, Fats: 4.5g",1. Mix all ingredients in a bowl. 2. Use Instant Pot to cook or blend. 3. Serve with your favorite topping.,Soy,17
